StudentID,FullName,Gender,Branch,CGPA,GraduationYear,Email,Phone
1,Ishani Thaman,Female,CSM,6.73,2027,azadhalder@example.net,6691467659
2,Aryan Rama,Male,ECE,6.99,2027,anyanigam@example.org,4482714517
3,Aadhya Mitra,Female,CSM,8.74,2027,sathvik06@example.net,7539359254
4,Girindra Sundaram,Male,AIML,7.66,2027,andrew09@example.net,3096218913
5,Nirja Lanka,Male,AIML,7.25,2027,thakerkritika@example.net,7701018681
6,Odika Saha,Female,ECE,7.62,2027,gaganchada@example.org,6862028587
7,Hritik Sridhar,Female,CSE,6.66,2027,noah63@example.org,5038990746
8,Theodore Babu,Male,EEE,9.87,2027,patrickgoswami@example.com,4718883799
9,Amrita Bhasin,Female,DS,7.66,2027,rachanaahuja@example.com,1444538908
10,Siya Lad,Female,EEE,7.45,2027,cheemayug@example.org,4146402923
11,Radha Maharaj,Male,CSE,7.71,2027,devansh30@example.org,8437085613
12,Samuel Pai,Male,DS,9.08,2027,liampau@example.net,5368497422
13,Gaurang Sahni,Male,IT,7.41,2027,geetikavala@example.net,1637513339
14,Yachana Chad,Female,DS,8.42,2027,biryutika@example.org,9782644507
15,Falan Chhabra,Male,ECE,6.67,2027,mdube@example.net,9037919632
16,Tanvi Contractor,Male,AIML,9.22,2027,gillvidhi@example.net,2888518391
17,Dhriti Mall,Female,CSM,7.04,2027,ozajeet@example.org,0219247254
18,Abhimanyu Kashyap,Female,EEE,9.65,2027,aditya92@example.net,7922090362
19,Vyanjana Bahl,Female,CSM,8.08,2027,anirudhsha@example.org,7431763725
20,Kashish Anand,Female,CSM,9.22,2027,harinakshisidhu@example.org,6544392974
21,Chakradev Sridhar,Female,AIML,7.71,2027,samarthkanda@example.org,1743449995
22,Vritti Dash,Male,DS,7.04,2027,warda79@example.net,5081331397
23,Amol Sharma,Male,CSM,8.05,2027,vincent38@example.net,2725129556
24,Hritik Randhawa,Female,CSE,6.77,2027,shivanshmore@example.net,8914480533
25,Fiyaz Nagy,Male,ECE,8.2,2027,itaneja@example.net,2403386318
26,Warda Walla,Male,EEE,8.67,2027,omkaarmajumdar@example.org,9538763037
27,Gaurav Batta,Female,ECE,8.79,2027,usule@example.org,0740006709
28,Eiravati Sahota,Female,DS,7.65,2027,advaynair@example.com,2982680531
29,Neel Gola,Female,EEE,9.01,2027,csekhon@example.org,0921786747
30,Aditya Sule,Male,EEE,7.02,2027,quincy23@example.org,8079162072
31,Krishna Shanker,Male,IT,6.79,2027,rishi38@example.org,7274107360
32,Kashvi Jain,Male,CSM,7.51,2027,shenoycharan@example.com,8679453398
33,Dayamai Raghavan,Female,CSE,6.56,2027,vigbrinda@example.org,6001020472
34,Jyoti Tella,Male,EEE,9.29,2027,chayre@example.net,5715331870
35,Zaid Sampath,Male,IT,6.83,2027,nkibe@example.net,2295153998
36,Jairaj Khare,Male,EEE,7.57,2027,yashodhara31@example.net,4438588870
37,Vihaan Bansal,Male,DS,8.08,2027,daliasamaksh@example.net,2009376605
38,Yochana Sheth,Male,DS,6.65,2027,radha18@example.org,4379455527
39,Baghyawati Krishna,Male,AIML,7.54,2027,dinchristopher@example.com,2550995500
40,Christopher Bansal,Male,CSE,6.63,2027,hsahota@example.net,4056991401
41,Geetika Bhargava,Female,CSE,8.91,2027,saanvimore@example.com,9815602046
42,Harini Handa,Male,CSM,7.7,2027,varshasane@example.org,1506332531
43,Edhitha Kamdar,Female,AIML,7.02,2027,mmallick@example.net,7455914289
44,Raksha Kalla,Female,ECE,6.57,2027,yachana15@example.com,6204958138
45,Nathan Pall,Female,IT,8.72,2027,dhruv75@example.org,9021582579
46,Hamsini Biswas,Male,CSM,9.32,2027,wahab83@example.net,4658062212
47,Ati Seshadri,Female,CSM,9.13,2027,henrylad@example.net,1099735511
48,Gaurika Barad,Male,EEE,8.95,2027,qcontractor@example.net,1615853617
49,Tanish Desai,Male,AIML,9.46,2027,karandhar@example.com,1794793171
50,Peter Sen,Male,DS,7.44,2027,pushti56@example.net,2121206464
51,Urishilla Chaudhary,Female,DS,8.08,2027,saanviwable@example.com,9858694058
52,Rushil Sheth,Male,ECE,9.55,2027,kbora@example.org,1332446889
53,Qadim Nayar,Male,CSE,6.95,2027,osandhu@example.org,0630846427
54,Tanay Chandran,Male,IT,8.27,2027,aadi96@example.com,1516056884
55,Chaitaly Ratta,Male,DS,6.52,2027,irya24@example.com,0733467575
56,Eiravati Suresh,Female,CSE,8.29,2027,abdul14@example.com,6740506852
57,Amol Savant,Female,IT,6.58,2027,balvan30@example.org,6276141173
58,Imaran Khalsa,Female,CSM,6.62,2027,urmi43@example.org,0160112351
59,Lila Chauhan,Male,EEE,6.56,2027,vivaanrajagopalan@example.com,3292415952
60,Pavani Yadav,Male,CSM,9.48,2027,yamini83@example.com,8183615069
61,Ati Verma,Female,DS,6.98,2027,pallavimani@example.org,3416326090
62,Darsh Pillay,Male,IT,7.97,2027,aradhana34@example.net,9885363571
63,Edhitha Doctor,Female,ECE,8.58,2027,pandyaraagini@example.org,7812997944
64,Yashica Kalita,Male,CSE,9.84,2027,ansh25@example.com,8867068526
65,Oviya Zacharia,Female,CSM,7.67,2027,majumdarbakhshi@example.com,1767183486
66,Jagdish Chandra,Female,EEE,8.23,2027,ira94@example.com,8185471714
67,Shravya Panchal,Male,ECE,9.11,2027,hsunder@example.org,6862734667
68,Madhavi D’Alia,Female,EEE,9.86,2027,bainstarak@example.net,5678204985
69,Charles Bumb,Male,ECE,8.77,2027,ganga36@example.net,8459133310
70,Triya Sur,Male,CSM,9.22,2027,patricknazareth@example.net,1712591665
71,Agastya Shere,Female,IT,8.55,2027,imitter@example.net,9454035378
72,Jason Ganguly,Female,CSM,9.77,2027,eradhakrishnan@example.org,5115793054
73,Aradhana Agrawal,Male,IT,7.3,2027,chakrika21@example.com,4773296756
74,Nathan Mangal,Female,DS,8.86,2027,jananithakkar@example.net,1339601500
75,Ikbal Jani,Male,EEE,7.1,2027,msampath@example.com,0329373707
76,Chavvi Chada,Male,CSE,8.19,2027,rnarula@example.org,8492097962
77,Gaurika Dewan,Female,CSM,6.58,2027,owen27@example.org,9175121524
78,Raagini Lalla,Male,ECE,7.8,2027,lchadha@example.net,1771635321
79,Prisha Boase,Male,EEE,7.99,2027,neha47@example.org,5101888228
80,Omisha Chander,Female,AIML,6.77,2027,joshuaganesan@example.org,4912612980
81,Darsh Bora,Female,DS,9.03,2027,daksh42@example.net,9128372515
82,Panini Chaudhari,Female,ECE,7.35,2027,frederick57@example.net,2248081836
83,Rachita Khurana,Female,ECE,8.67,2027,qchanda@example.net,3534736653
84,Harini Sharaf,Male,EEE,7.08,2027,omyashah@example.com,3882893325
85,Bimala Ramanathan,Female,CSM,9.35,2027,msingh@example.org,8052638641
86,Bakhshi Sethi,Female,EEE,8.51,2027,urishilla40@example.com,6655868666
87,Aarini Sharma,Male,AIML,8.58,2027,zchadha@example.com,2407588295
88,Rohan Dhar,Female,IT,9.18,2027,pranav46@example.net,0290230593
89,Madhavi Borra,Male,CSE,7.5,2027,udar@example.net,9093550748
90,Jacob Subramaniam,Male,ECE,7.98,2027,prisha57@example.net,7199046217
91,Frado Goel,Female,IT,7.08,2027,fbaria@example.com,0645000528
92,Keya Zacharia,Female,CSM,8.47,2027,anaykapadia@example.org,2670590674
93,Vedhika Grover,Female,ECE,8.65,2027,sarkaridika@example.com,2659127260
94,Chavvi Vyas,Female,DS,9.65,2027,prakashkrish@example.org,2739479941
95,Orinder Dhar,Female,EEE,7.64,2027,rattarachana@example.com,7771152321
96,Aarna Thakkar,Male,EEE,8.76,2027,prabhakarbrijesh@example.net,5663618652
97,Maya Handa,Female,DS,8.81,2027,dalallaban@example.com,1573351585
98,Zarna Talwar,Male,AIML,9.77,2027,ommichael@example.org,2079404502
99,Om Gupta,Female,CSM,8.49,2027,bsem@example.org,5652805544
100,Vedant Chawla,Male,CSM,8.82,2027,dpatla@example.net,2308537319
101,Rachit Jani,Male,AIML,6.89,2027,pallaneel@example.org,3843101294
102,Geetika Amble,Female,EEE,7.32,2027,yochanahari@example.com,2746465298
103,Jalsa Gera,Female,CSE,9.71,2027,fradodey@example.org,8273402336
104,Damyanti Sunder,Female,IT,9.44,2027,borranaksh@example.org,3181246799
105,Rachit Thakur,Female,ECE,6.57,2027,parmardaniel@example.org,6141856801
106,Qadim Bhandari,Male,AIML,6.55,2027,ajani@example.org,2512147078
107,Vyanjana Aggarwal,Male,AIML,8.18,2027,wasondivya@example.org,9939432061
108,Chakradev Batra,Female,IT,9.27,2027,ftailor@example.com,2590943125
109,Jacob Chauhan,Female,CSE,7.8,2027,sahayochana@example.com,7459867731
110,Kala Barman,Female,CSM,9.78,2027,chandreshlata@example.com,9080813790
111,Diya Devan,Male,EEE,9.12,2027,murtydivya@example.com,2780726118
112,Ikshita Kara,Male,CSE,7.77,2027,kde@example.com,6251747900
113,Omaja Vala,Male,AIML,8.87,2027,lajita79@example.com,2167137862
114,Aachal Srivastava,Male,AIML,9.62,2027,issacayaan@example.org,9625538785
115,Yamini Purohit,Male,CSE,9.28,2027,mekhala86@example.org,7028007294
116,Luke Prabhu,Male,AIML,6.99,2027,zachariabhavna@example.net,7117685163
117,Dev Mukhopadhyay,Female,EEE,8.4,2027,aishanikhosla@example.com,3371120024
118,Wridesh Balakrishnan,Female,DS,9.9,2027,ayushmannagy@example.com,6218061308
119,Shivansh Rau,Female,DS,6.53,2027,hemanginipatil@example.net,8272108309
120,Jonathan Kunda,Female,CSM,7.07,2027,chowdhuryupkaar@example.org,5603560238
121,Amruta Zacharia,Male,ECE,7.52,2027,dakshesh15@example.net,8937751363
122,Sai Borde,Female,CSE,8.96,2027,nloyal@example.org,0524791116
123,Leena Rama,Female,ECE,7.41,2027,lila50@example.net,1844315224
124,Mohammed Kapadia,Male,AIML,7.71,2027,mpradhan@example.org,0817990558
125,Tarak Lalla,Male,EEE,9.24,2027,anmol18@example.com,6124428314
126,Teerth Sarna,Female,DS,8.29,2027,dyalrachita@example.com,2555397351
127,Indira Vohra,Female,CSE,8.88,2027,acharyabhavika@example.net,5737212013
128,Arunima Parikh,Male,DS,6.6,2027,krishnachahal@example.org,1046213341
129,Samarth Loke,Male,IT,9.73,2027,aarini01@example.com,3804279376
130,Gaurang Chacko,Male,ECE,7.59,2027,odasgupta@example.net,9310546970
131,Kalpit Saran,Male,ECE,8.37,2027,varsha32@example.org,3225327008
132,Mitali Srinivasan,Female,DS,9.07,2027,kallabimala@example.org,6537217067
133,George Jhaveri,Male,AIML,9.21,2027,aashi38@example.com,7770128074
134,Yachana Babu,Female,EEE,7.35,2027,soodoliver@example.org,8498813092
135,Priya Dutta,Male,CSM,8.99,2027,vmitra@example.org,8346192295
136,Nidhi Thakkar,Female,AIML,7.69,2027,qarinsastry@example.org,3780887393
137,Neha Dani,Female,AIML,8.94,2027,onadkarni@example.com,2738534377
138,Damini Kale,Male,DS,8.61,2027,doshisai@example.org,8261920811
139,Jack Sundaram,Female,IT,7.37,2027,madhavchopra@example.org,6195793248
140,Aarav Kadakia,Male,EEE,9.08,2027,boaseabdul@example.org,9020170861
141,Damyanti Singhal,Male,EEE,9.67,2027,umani@example.org,4215214068
142,Advik Garg,Male,ECE,6.85,2027,rchowdhury@example.com,4805240796
143,Ishani Patla,Male,ECE,7.68,2027,eeshadeep@example.org,5827868104
144,Mohini Virk,Male,CSM,7.06,2027,thakerfarhan@example.org,1618217846
145,Ishani Lad,Male,IT,7.49,2027,ekbalpandit@example.org,7021956169
146,Ikbal Parekh,Female,IT,7.44,2027,grao@example.net,0856824044
147,Priya Pillai,Male,IT,8.14,2027,fariqchaudhuri@example.com,2614336050
148,Omisha Swamy,Female,IT,8.09,2027,yuvraj27@example.net,3185759568
149,Champak Nath,Male,CSM,9.61,2027,isha71@example.org,9190790315
150,Tanmayi Datta,Male,ECE,8.38,2027,madanekapad@example.org,8203433055
151,Charita Murthy,Female,CSE,9.26,2027,ayushmanparmer@example.org,0738049297
152,Chatura Gade,Male,EEE,6.93,2027,garaorinder@example.net,8761328392
153,Kevin Manda,Female,DS,9.33,2027,dwalia@example.com,2930176448
154,Krisha Hayer,Female,EEE,7.55,2027,ekaraj99@example.net,0084055228
155,Yasti Mani,Male,CSE,8.42,2027,mitalvaishnavi@example.org,3726449598
156,Bhavna Mitter,Male,DS,7.83,2027,bobalmichael@example.org,1914799184
157,Agastya Kanda,Male,IT,7.84,2027,daksh19@example.com,4570099052
158,Benjamin Dasgupta,Male,IT,9.58,2027,rajagopalanjatin@example.org,8334532215
159,Qushi Reddy,Female,CSM,6.64,2027,rushil13@example.org,4529346089
160,Garima Chahal,Female,ECE,9.04,2027,idika42@example.com,8351837069
161,Xiti Bhatnagar,Female,IT,7.63,2027,jwalla@example.com,7449539668
162,Zayan Magar,Male,CSE,7.94,2027,rauzashil@example.net,0998249959
163,Yashica Sood,Male,IT,9.8,2027,balangunbir@example.org,1264575148
164,Shivani Ghosh,Male,ECE,9.9,2027,dhora@example.com,5774614446
165,Neel Chaudry,Male,AIML,9.07,2027,bhanumati72@example.com,9466358493
166,Fariq Tripathi,Male,CSM,9.46,2027,jmenon@example.com,0323636993
167,Onkar Jain,Male,CSM,9.42,2027,qminhas@example.com,0355118093
168,Wridesh Batta,Female,EEE,7.59,2027,radha72@example.org,0958433092
169,Simon Kunda,Female,DS,8.42,2027,deshpandeparth@example.com,7900769640
170,Neel Sharaf,Male,IT,7.62,2027,npadmanabhan@example.net,9658454342
171,Damyanti Yadav,Female,CSE,7.19,2027,urishilla16@example.com,3497454715
172,Yutika Bhatt,Female,ECE,9.35,2027,zkari@example.net,2101239622
173,Daniel Comar,Female,IT,9.42,2027,kondaaachal@example.com,6369025949
174,Avni Sane,Female,EEE,6.69,2027,varshasaran@example.net,4921984518
175,Laban Varughese,Male,EEE,7.17,2027,sarkaridika@example.net,1971076158
176,Patrick Magar,Male,ECE,9.24,2027,ladlidara@example.org,0155320903
177,Elijah Khosla,Female,AIML,6.96,2027,hmittal@example.org,0591271711
178,Anay Pant,Male,DS,6.96,2027,amrita26@example.net,4568678136
179,Shravya Dhaliwal,Female,IT,9.79,2027,amairabora@example.org,8361388873
180,Warda Nayak,Female,CSM,8.03,2027,hbal@example.org,2645659226
181,Darika Karan,Female,CSM,9.16,2027,raourvashi@example.net,7322869079
182,Krisha Kaul,Male,AIML,8.77,2027,lakshitswamy@example.org,7386669340
183,Harrison Sarraf,Female,ECE,8.06,2027,ranveer42@example.com,6175070275
184,Viraj Chand,Male,CSE,8.33,2027,asampath@example.com,8395786121
185,Nihal Kar,Female,DS,8.86,2027,iramadan@example.org,5847423830
186,Bhavika Narain,Male,EEE,9.75,2027,thakkarojasvi@example.com,7558722755
187,Nakul Dass,Male,EEE,8.06,2027,vsarraf@example.com,2768604197
188,Jagat Master,Male,EEE,9.81,2027,kakarchampak@example.com,7196294968
189,Oviya Tak,Male,DS,6.57,2027,veer55@example.net,8930028660
190,Laksh Thakkar,Female,DS,8.76,2027,maanavchaudhari@example.com,6287852350
191,Samar Panchal,Male,ECE,9.85,2027,harshil12@example.com,7954830055
192,Faqid Sama,Female,EEE,8.32,2027,osha90@example.com,3583321194
193,Kai Ranganathan,Female,CSM,9.57,2027,vincent77@example.org,5798355275
194,Advaith Mannan,Male,AIML,7.62,2027,kashyapmatthew@example.com,8102480921
195,Ansh Andra,Male,CSE,8.89,2027,surxiti@example.com,6606805608
196,Yatin Ranganathan,Male,CSE,7.14,2027,dhruvmadan@example.com,5777262502
197,Rehaan Prabhu,Female,CSE,8.15,2027,zachariahupma@example.net,7566380392
198,Oeshi Oza,Male,IT,7.69,2027,subramaniamyashvi@example.net,3685411447
199,Krisha Dhar,Female,EEE,9.52,2027,zratta@example.com,0231243161
200,Shivansh Varkey,Male,DS,7.75,2027,qmisra@example.com,7933859435
